index,d__Bacteria;p__Proteobacteria,d__Bacteria;p__Bacteroidota,d__Bacteria;p__Abditibacteriota,d__Bacteria;p__Actinobacteriota,d__Bacteria;p__Verrucomicrobiota,d__Bacteria;p__Desulfobacterota,d__Bacteria;p__Acidobacteriota,d__Bacteria;p__Planctomycetota,d__Bacteria;p__Firmicutes,d__Bacteria;p__Chloroflexi,d__Bacteria;p__Nitrospirota,d__Bacteria;p__Patescibacteria,d__Bacteria;p__Spirochaetota,d__Bacteria;p__WPS-2,d__Bacteria;p__Armatimonadota,d__Bacteria;p__Myxococcota,d__Bacteria;p__Bdellovibrionota,d__Bacteria;p__Dependentiae,d__Bacteria;p__Cyanobacteria,d__Bacteria;p__Hydrogenedentes,d__Bacteria;p__Fusobacteriota,d__Bacteria;__,d__Bacteria;p__Gemmatimonadota,d__Bacteria;p__SAR324_clade(Marine_group_B),d__Bacteria;p__Elusimicrobiota,d__Bacteria;p__NB1-j,d__Bacteria;p__Sumerlaeota,d__Bacteria;p__Campilobacterota,d__Bacteria;p__Deinococcota,BarcodeSequence,LinkerPrimerSequence,Plate,PCR_Well,Species,Treatment,Description
Bd12,9416.0,7399.0,843.0,1088.0,1295.0,222.0,235.0,552.0,246.0,185.0,18.0,35.0,14.0,20.0,10.0,20.0,33.0,7.0,6.0,2.0,0.0,0.0,0.0,0.0,0.0,0.0,0.0,0.0,0.0,GGCGTAAC,GTGTGYCAGCMGCCGCGGTAA,3.0,A2,Atelopuszeteki,Bd,Bd12
C3,15052.0,100.0,4.0,3071.0,7.0,0.0,0.0,0.0,3659.0,0.0,0.0,0.0,0.0,2.0,0.0,2.0,0.0,2.0,10.0,0.0,10.0,0.0,0.0,0.0,0.0,0.0,0.0,0.0,0.0,GCGCGGCG,GTGTGYCAGCMGCCGCGGTAA,3.0,A10,Atelopuszeteki,,C6? C5? C3?
Coma3,11337.0,6763.0,58.0,526.0,709.0,0.0,124.0,577.0,299.0,0.0,0.0,48.0,4.0,0.0,2.0,0.0,8.0,0.0,3.0,0.0,0.0,2.0,0.0,0.0,0.0,0.0,0.0,0.0,0.0,ACGTGCCT,GTGTGYCAGCMGCCGCGGTAA,3.0,E3,Atelopuszeteki,Comamonas,Coma3
neg3,397.0,3.0,0.0,12.0,0.0,0.0,0.0,0.0,8162.0,0.0,0.0,0.0,0.0,0.0,0.0,0.0,0.0,0.0,0.0,0.0,0.0,0.0,0.0,0.0,0.0,0.0,0.0,0.0,0.0,CTATCTCC,GTGTGYCAGCMGCCGCGGTAA,3.0,B12,negative,NEGATIVE,neg3
x6Coma,9941.0,5251.0,12.0,736.0,2560.0,0.0,46.0,259.0,220.0,0.0,0.0,13.0,0.0,0.0,26.0,4.0,16.0,0.0,6.0,0.0,0.0,29.0,2.0,0.0,0.0,0.0,0.0,0.0,0.0,TTGTGTCT,GTGTGYCAGCMGCCGCGGTAA,3.0,A5,Atelopuszeteki,,x6Coma
Lipi13,13018.0,8702.0,0.0,2409.0,118.0,3.0,39.0,86.0,1970.0,28.0,2.0,0.0,0.0,4.0,0.0,0.0,38.0,0.0,2.0,0.0,0.0,0.0,0.0,0.0,0.0,0.0,0.0,0.0,0.0,AACCACTA,GTGTGYCAGCMGCCGCGGTAA,3.0,A7,Atelopuszeteki,LIPI,Lipi13
BacMx9,13101.0,11315.0,10.0,2128.0,877.0,0.0,139.0,366.0,1162.0,4.0,0.0,35.0,32.0,0.0,0.0,14.0,2.0,4.0,2.0,0.0,0.0,0.0,2.0,5.0,0.0,0.0,0.0,0.0,0.0,GTTAACTT,GTGTGYCAGCMGCCGCGGTAA,3.0,H2,Atelopuszeteki,Bacteria Mixture,BacMx9
Jliv8,12867.0,4908.0,15.0,3263.0,2244.0,0.0,64.0,167.0,89.0,0.0,0.0,38.0,0.0,0.0,0.0,2.0,43.0,0.0,8.0,0.0,0.0,4.0,3.0,0.0,0.0,0.0,0.0,0.0,0.0,CCGGCTTA,GTGTGYCAGCMGCCGCGGTAA,3.0,F7,Atelopuszeteki,Jliv,Jliv8
x10Coma,16896.0,4044.0,19.0,568.0,320.0,0.0,20.0,124.0,78.0,0.0,0.0,0.0,0.0,0.0,14.0,6.0,4.0,3.0,4.0,0.0,0.0,0.0,0.0,0.0,2.0,0.0,0.0,0.0,0.0,AGGGACTT,GTGTGYCAGCMGCCGCGGTAA,3.0,E5,Atelopuszeteki,,x10Coma
Bd11,13739.0,14031.0,357.0,2074.0,764.0,45.0,190.0,576.0,599.0,85.0,48.0,6.0,12.0,11.0,10.0,14.0,35.0,5.0,63.0,5.0,0.0,11.0,6.0,0.0,17.0,2.0,2.0,0.0,0.0,GAGAAGCT,GTGTGYCAGCMGCCGCGGTAA,3.0,H1,Atelopuszeteki,Bd,Bd11
Jliv4,9048.0,3364.0,14.0,1249.0,1947.0,0.0,53.0,159.0,396.0,0.0,0.0,14.0,5.0,2.0,0.0,13.0,23.0,0.0,16.0,0.0,0.0,3.0,0.0,0.0,0.0,0.0,0.0,0.0,0.0,AAGTCACA,GTGTGYCAGCMGCCGCGGTAA,3.0,D7,Atelopuszeteki,Jliv,Jliv4
Coma102,5730.0,8796.0,48.0,561.0,5174.0,0.0,153.0,390.0,26.0,0.0,0.0,369.0,2.0,2.0,20.0,24.0,14.0,0.0,0.0,0.0,0.0,3.0,2.0,3.0,0.0,0.0,0.0,0.0,0.0,ACGTATTC,GTGTGYCAGCMGCCGCGGTAA,3.0,C4,Atelopuszeteki,Comamonas,Coma10
BacMx3,14261.0,924.0,0.0,2526.0,88.0,4.0,179.0,113.0,318.0,21.0,0.0,2.0,0.0,10.0,0.0,17.0,5.0,0.0,19.0,0.0,0.0,6.0,2.0,0.0,16.0,0.0,0.0,0.0,0.0,CCGCAGCC,GTGTGYCAGCMGCCGCGGTAA,3.0,D2,Atelopuszeteki,Bacteria Mixture,BacMx3
Lipi8,6923.0,8677.0,20.0,285.0,1151.0,9.0,62.0,278.0,792.0,41.0,3.0,2.0,0.0,7.0,0.0,6.0,13.0,0.0,0.0,0.0,0.0,0.0,0.0,0.0,0.0,0.0,0.0,0.0,0.0,TCGCTACA,GTGTGYCAGCMGCCGCGGTAA,3.0,F6,Atelopuszeteki,LIPI,Lipi8
Coma9,7981.0,1779.0,7.0,1483.0,355.0,0.0,37.0,109.0,119.0,0.0,0.0,9.0,0.0,0.0,0.0,0.0,3.0,0.0,8.0,0.0,0.0,5.0,0.0,0.0,0.0,0.0,0.0,0.0,0.0,TACGGTCT,GTGTGYCAGCMGCCGCGGTAA,3.0,B4,Atelopuszeteki,Comamonas,Coma9
Sp6,13080.0,2028.0,39.0,920.0,1028.0,0.0,139.0,166.0,152.0,86.0,0.0,3.0,0.0,9.0,0.0,20.0,0.0,0.0,3.0,0.0,0.0,5.0,0.0,0.0,0.0,0.0,0.0,0.0,0.0,TCTTATAA,GTGTGYCAGCMGCCGCGGTAA,3.0,G8,Atelopuszeteki,,Sp6
Bd7,16059.0,1492.0,3.0,2371.0,164.0,13.0,204.0,135.0,1415.0,29.0,9.0,4.0,16.0,4.0,0.0,48.0,20.0,0.0,7.0,0.0,0.0,5.0,0.0,0.0,5.0,0.0,0.0,0.0,0.0,CGCAATGA,GTGTGYCAGCMGCCGCGGTAA,3.0,D1,Atelopuszeteki,Bd,Bd7
Lipi12,8154.0,10325.0,2.0,4092.0,418.0,3.0,98.0,192.0,790.0,52.0,0.0,4.0,0.0,2.0,3.0,6.0,21.0,5.0,17.0,0.0,0.0,7.0,3.0,0.0,0.0,0.0,0.0,0.0,0.0,GCCACCGC,GTGTGYCAGCMGCCGCGGTAA,3.0,H6,Atelopuszeteki,LIPI,Lipi12
Coma8,19629.0,5401.0,45.0,524.0,3248.0,0.0,96.0,446.0,217.0,0.0,0.0,9.0,0.0,0.0,2.0,4.0,29.0,0.0,11.0,0.0,0.0,3.0,0.0,0.0,0.0,0.0,0.0,0.0,0.0,CAAATTCG,GTGTGYCAGCMGCCGCGGTAA,3.0,A4,Atelopuszeteki,Comamonas,Coma8
Bd5,8821.0,9337.0,3.0,1532.0,1455.0,18.0,94.0,248.0,213.0,88.0,11.0,111.0,0.0,10.0,3.0,51.0,50.0,25.0,34.0,0.0,0.0,0.0,0.0,0.0,6.0,0.0,0.0,0.0,0.0,TCGAGCCG,GTGTGYCAGCMGCCGCGGTAA,3.0,F9,Atelopuszeteki,Bd,Bd5
BacMx11,15489.0,3469.0,62.0,1004.0,2916.0,3.0,626.0,447.0,129.0,5.0,0.0,9.0,0.0,5.0,2.0,21.0,20.0,4.0,4.0,0.0,0.0,3.0,0.0,0.0,0.0,0.0,0.0,0.0,0.0,GGACAAGT,GTGTGYCAGCMGCCGCGGTAA,3.0,B3,Atelopuszeteki,Bacteria Mixture,BacMx11
Coma4,9685.0,12287.0,17.0,705.0,1109.0,0.0,4.0,59.0,130.0,0.0,0.0,44.0,0.0,0.0,0.0,0.0,18.0,2.0,9.0,0.0,0.0,0.0,0.0,0.0,0.0,0.0,0.0,0.0,0.0,CACCCTTG,GTGTGYCAGCMGCCGCGGTAA,3.0,F3,Atelopuszeteki,Comamonas,Coma4
Bsal5,11721.0,2703.0,23.0,2258.0,1598.0,0.0,112.0,308.0,344.0,8.0,0.0,22.0,6.0,0.0,71.0,22.0,25.0,0.0,14.0,2.0,0.0,15.0,0.0,0.0,2.0,0.0,0.0,0.0,0.0,TTCCACAC,GTGTGYCAGCMGCCGCGGTAA,3.0,D11,Atelopuszeteki,Bsal,Bsal5
Bsal10,9551.0,9382.0,30.0,882.0,6690.0,18.0,103.0,543.0,174.0,42.0,10.0,4.0,11.0,17.0,0.0,15.0,35.0,0.0,9.0,2.0,0.0,0.0,0.0,0.0,0.0,0.0,0.0,0.0,0.0,ACACCGCA,GTGTGYCAGCMGCCGCGGTAA,3.0,G11,Atelopuszeteki,Bsal,Bsal10
Lipi2,20056.0,6322.0,7.0,1272.0,659.0,26.0,207.0,1200.0,419.0,65.0,14.0,0.0,0.0,13.0,14.0,105.0,31.0,0.0,15.0,0.0,0.0,12.0,0.0,0.0,2.0,0.0,0.0,0.0,0.0,GCCGCCAG,GTGTGYCAGCMGCCGCGGTAA,3.0,H5,Atelopuszeteki,LIPI,Lipi2
Jliv9,9625.0,2023.0,114.0,5310.0,1619.0,5.0,327.0,770.0,146.0,8.0,0.0,19.0,0.0,3.0,5.0,29.0,29.0,4.0,4.0,0.0,0.0,0.0,0.0,0.0,0.0,0.0,0.0,0.0,0.0,CGAATACT,GTGTGYCAGCMGCCGCGGTAA,3.0,G7,Atelopuszeteki,Jliv,Jliv9
Bd10,13876.0,1041.0,0.0,3331.0,109.0,20.0,109.0,311.0,500.0,367.0,10.0,9.0,9.0,3.0,0.0,126.0,23.0,0.0,14.0,13.0,0.0,5.0,0.0,0.0,0.0,0.0,0.0,0.0,0.0,GCTGCGTA,GTGTGYCAGCMGCCGCGGTAA,3.0,G1,Atelopuszeteki,Bd,Bd10
Jliv10,14586.0,6929.0,22.0,863.0,1528.0,0.0,41.0,147.0,117.0,0.0,0.0,0.0,0.0,54.0,0.0,0.0,57.0,0.0,5.0,0.0,0.0,5.0,2.0,0.0,0.0,0.0,0.0,0.0,0.0,ACACACCC,GTGTGYCAGCMGCCGCGGTAA,3.0,H7,Atelopuszeteki,Jliv,Jliv10
x5Coma,12764.0,15847.0,56.0,3384.0,642.0,18.0,438.0,1073.0,144.0,12.0,0.0,25.0,2.0,5.0,5.0,142.0,18.0,2.0,0.0,0.0,0.0,2.0,0.0,0.0,5.0,0.0,0.0,0.0,0.0,AGGGTGAC,GTGTGYCAGCMGCCGCGGTAA,3.0,H4,Atelopuszeteki,,x5Coma
Bd9,5709.0,12549.0,0.0,521.0,62.0,0.0,5.0,2.0,151.0,0.0,0.0,5.0,0.0,4.0,0.0,7.0,34.0,2.0,5.0,0.0,0.0,0.0,0.0,0.0,0.0,0.0,0.0,0.0,0.0,CATTTGAC,GTGTGYCAGCMGCCGCGGTAA,3.0,F1,Atelopuszeteki,Bd,Bd9
Lipi6,7844.0,6053.0,28.0,501.0,1056.0,2.0,112.0,125.0,233.0,8.0,0.0,11.0,2.0,0.0,0.0,2.0,0.0,0.0,2.0,6.0,0.0,2.0,2.0,2.0,0.0,0.0,0.0,0.0,0.0,TCCGATAA,GTGTGYCAGCMGCCGCGGTAA,3.0,D6,Atelopuszeteki,LIPI,Lipi6
Lipi5,15377.0,5111.0,12.0,3243.0,373.0,0.0,63.0,120.0,848.0,4.0,0.0,10.0,0.0,35.0,0.0,13.0,5.0,29.0,7.0,0.0,0.0,0.0,0.0,0.0,3.0,0.0,0.0,0.0,0.0,TGGTGGAG,GTGTGYCAGCMGCCGCGGTAA,3.0,C6,Atelopuszeteki,LIPI,Lipi5
Bsal12,17056.0,1190.0,6.0,3504.0,149.0,0.0,97.0,124.0,544.0,56.0,5.0,31.0,3.0,5.0,2.0,27.0,24.0,3.0,22.0,2.0,0.0,0.0,0.0,0.0,0.0,0.0,0.0,6.0,0.0,CGGAGAGA,GTGTGYCAGCMGCCGCGGTAA,3.0,H10,Atelopuszeteki,Bsal,Bsal12
x8Coma,18454.0,2031.0,31.0,491.0,778.0,0.0,54.0,115.0,447.0,0.0,0.0,0.0,5.0,2.0,0.0,2.0,15.0,0.0,12.0,0.0,0.0,2.0,0.0,0.0,0.0,0.0,0.0,0.0,0.0,GACGTTAA,GTGTGYCAGCMGCCGCGGTAA,3.0,C5,Atelopuszeteki,,x8Coma
Sp8,7722.0,14415.0,6.0,659.0,321.0,0.0,73.0,129.0,139.0,6.0,0.0,2.0,0.0,5.0,0.0,60.0,16.0,6.0,11.0,0.0,0.0,17.0,0.0,0.0,10.0,0.0,0.0,0.0,0.0,CCAGGACA,GTGTGYCAGCMGCCGCGGTAA,3.0,A9,Atelopuszeteki,,Sp8
Bd8,10073.0,11891.0,12.0,618.0,227.0,0.0,323.0,190.0,343.0,14.0,0.0,7.0,0.0,4.0,2.0,4.0,12.0,5.0,4.0,6.0,0.0,13.0,0.0,4.0,0.0,0.0,0.0,0.0,0.0,ACGGCGTT,GTGTGYCAGCMGCCGCGGTAA,3.0,E1,Atelopuszeteki,Bd,Bd8
x12Coma,15260.0,4315.0,19.0,1211.0,340.0,0.0,9.0,32.0,368.0,0.0,0.0,16.0,0.0,0.0,5.0,0.0,8.0,0.0,6.0,0.0,0.0,7.0,0.0,0.0,0.0,0.0,0.0,0.0,0.0,GTACGTCA,GTGTGYCAGCMGCCGCGGTAA,3.0,F5,Atelopuszeteki,,x12Coma
Bd2,8712.0,14566.0,8.0,578.0,170.0,3.0,177.0,282.0,384.0,66.0,8.0,30.0,6.0,8.0,7.0,43.0,67.0,2.0,9.0,3.0,0.0,10.0,0.0,0.0,10.0,0.0,0.0,0.0,0.0,CGCGCAAG,GTGTGYCAGCMGCCGCGGTAA,3.0,B1,Atelopuszeteki,Bd,Bd2
Bsal3,8895.0,10155.0,60.0,1085.0,400.0,0.0,2.0,136.0,740.0,2.0,0.0,2.0,4.0,2.0,0.0,0.0,7.0,0.0,18.0,0.0,0.0,0.0,0.0,0.0,0.0,0.0,0.0,0.0,0.0,TCTTGCGG,GTGTGYCAGCMGCCGCGGTAA,3.0,B11,Atelopuszeteki,Bsal,Bsal3
BacMx2,23349.0,1872.0,2.0,272.0,247.0,0.0,2.0,13.0,155.0,0.0,0.0,0.0,0.0,0.0,0.0,0.0,0.0,0.0,12.0,0.0,0.0,3.0,0.0,0.0,0.0,0.0,0.0,0.0,0.0,GATCTAAT,GTGTGYCAGCMGCCGCGGTAA,3.0,C2,Atelopuszeteki,Bacteria Mixture,BacMx2
Bd6,13391.0,3021.0,272.0,1857.0,244.0,7.0,45.0,104.0,98.0,173.0,0.0,12.0,0.0,2.0,0.0,20.0,3.0,0.0,0.0,0.0,0.0,8.0,0.0,0.0,0.0,0.0,4.0,0.0,0.0,AAGGCGCT,GTGTGYCAGCMGCCGCGGTAA,3.0,C1,Atelopuszeteki,Bd,Bd6
C5,18997.0,4201.0,15.0,1124.0,567.0,0.0,76.0,96.0,414.0,2.0,0.0,0.0,5.0,9.0,6.0,3.0,74.0,0.0,4.0,6.0,0.0,0.0,7.0,3.0,0.0,0.0,0.0,0.0,0.0,AGACTTCT,GTGTGYCAGCMGCCGCGGTAA,3.0,B10,Atelopuszeteki,,C5
Bd1,5648.0,10713.0,0.0,742.0,726.0,41.0,175.0,574.0,2836.0,102.0,9.0,3.0,7.0,11.0,0.0,29.0,13.0,4.0,57.0,0.0,0.0,12.0,0.0,0.0,0.0,0.0,0.0,0.0,0.0,CCTCGCAT,GTGTGYCAGCMGCCGCGGTAA,3.0,A1,Atelopuszeteki,Bd,Bd1
Jliv7,11648.0,4854.0,107.0,1734.0,299.0,0.0,25.0,1001.0,213.0,0.0,0.0,0.0,0.0,7.0,10.0,73.0,13.0,4.0,7.0,0.0,0.0,6.0,0.0,0.0,0.0,0.0,0.0,0.0,0.0,TGGCAGCG,GTGTGYCAGCMGCCGCGGTAA,3.0,E7,Atelopuszeteki,Jliv,Jliv7
x9Coma,17883.0,7898.0,0.0,182.0,503.0,0.0,0.0,5.0,112.0,0.0,0.0,0.0,5.0,0.0,0.0,0.0,0.0,0.0,0.0,0.0,0.0,0.0,0.0,0.0,0.0,0.0,0.0,0.0,0.0,ATGGGACC,GTGTGYCAGCMGCCGCGGTAA,3.0,D5,Atelopuszeteki,,x9Coma
Sp5,7957.0,7203.0,117.0,2102.0,3166.0,0.0,187.0,766.0,279.0,43.0,0.0,147.0,2.0,0.0,17.0,5.0,48.0,4.0,16.0,0.0,0.0,3.0,0.0,0.0,2.0,0.0,0.0,0.0,0.0,ATAGTCCT,GTGTGYCAGCMGCCGCGGTAA,3.0,F8,Atelopuszeteki,,Sp5
Lipi3,9768.0,12870.0,212.0,462.0,1742.0,9.0,142.0,227.0,189.0,11.0,2.0,31.0,3.0,0.0,2.0,8.0,9.0,0.0,58.0,0.0,0.0,0.0,0.0,4.0,2.0,0.0,0.0,0.0,0.0,CAATGTAG,GTGTGYCAGCMGCCGCGGTAA,3.0,A6,Atelopuszeteki,LIPI,Lipi3
Sp13,9916.0,3234.0,34.0,1319.0,999.0,0.0,323.0,407.0,535.0,2.0,0.0,165.0,0.0,8.0,26.0,9.0,5.0,7.0,16.0,0.0,0.0,0.0,0.0,0.0,0.0,0.0,0.0,0.0,0.0,TATGTTGA,GTGTGYCAGCMGCCGCGGTAA,3.0,E9,Atelopuszeteki,,Sp13
BacMx4,11461.0,8969.0,79.0,886.0,2482.0,0.0,445.0,643.0,531.0,3.0,0.0,18.0,2.0,0.0,5.0,12.0,22.0,0.0,4.0,0.0,0.0,11.0,0.0,0.0,0.0,0.0,0.0,0.0,0.0,GAACCGTG,GTGTGYCAGCMGCCGCGGTAA,3.0,E2,Atelopuszeteki,Bacteria Mixture,BacMx4
Lipi7,6714.0,5080.0,21.0,412.0,866.0,2.0,109.0,100.0,202.0,10.0,3.0,7.0,0.0,8.0,0.0,2.0,3.0,0.0,5.0,0.0,0.0,0.0,0.0,3.0,5.0,0.0,0.0,0.0,0.0,CGGCCAGA,GTGTGYCAGCMGCCGCGGTAA,3.0,E6,Atelopuszeteki,LIPI,Lipi7
Bsal2,10741.0,1784.0,14.0,411.0,512.0,0.0,33.0,37.0,700.0,0.0,0.0,2.0,2.0,2.0,0.0,4.0,8.0,0.0,5.0,0.0,0.0,2.0,0.0,0.0,0.0,0.0,0.0,0.0,0.0,GTCGCTTG,GTGTGYCAGCMGCCGCGGTAA,3.0,A11,Atelopuszeteki,Bsal,Bsal2
x3coma,25190.0,3332.0,3.0,461.0,1052.0,0.0,13.0,42.0,42.0,0.0,0.0,0.0,0.0,0.0,0.0,0.0,3.0,0.0,10.0,0.0,0.0,4.0,0.0,0.0,0.0,0.0,0.0,0.0,0.0,ATAATTGC,GTGTGYCAGCMGCCGCGGTAA,3.0,H9,Atelopuszeteki,,x3coma
C2,14864.0,3260.0,31.0,2232.0,1046.0,0.0,34.0,118.0,274.0,0.0,0.0,5.0,0.0,3.0,3.0,0.0,8.0,0.0,57.0,0.0,0.0,12.0,0.0,2.0,0.0,0.0,0.0,0.0,0.0,TAAGGTCG,GTGTGYCAGCMGCCGCGGTAA,3.0,G9,Atelopuszeteki,,C2
Bsal7,10803.0,7017.0,9.0,5474.0,1424.0,12.0,45.0,137.0,467.0,23.0,6.0,7.0,17.0,4.0,2.0,17.0,33.0,0.0,110.0,0.0,0.0,2.0,0.0,0.0,5.0,0.0,5.0,0.0,0.0,ATTTCCGC,GTGTGYCAGCMGCCGCGGTAA,3.0,E11,Atelopuszeteki,Bsal,Bsal7
Coma10,11699.0,1695.0,26.0,1302.0,580.0,0.0,66.0,127.0,518.0,0.0,0.0,35.0,0.0,0.0,0.0,7.0,10.0,0.0,41.0,0.0,0.0,2.0,0.0,0.0,0.0,0.0,0.0,0.0,0.0,TGGAGCCT,GTGTGYCAGCMGCCGCGGTAA,3.0,D3,Atelopuszeteki,Comamonas,Coma10
BacMx6,14254.0,4532.0,18.0,788.0,1015.0,0.0,50.0,181.0,379.0,2.0,0.0,0.0,5.0,0.0,0.0,14.0,18.0,0.0,29.0,0.0,0.0,0.0,5.0,0.0,0.0,0.0,0.0,0.0,0.0,ACTAAGTA,GTGTGYCAGCMGCCGCGGTAA,3.0,F2,Atelopuszeteki,Bacteria Mixture,BacMx6
Jliv13,16845.0,6649.0,83.0,1455.0,401.0,0.0,98.0,79.0,90.0,2.0,0.0,0.0,0.0,0.0,0.0,22.0,9.0,0.0,0.0,0.0,0.0,0.0,0.0,0.0,0.0,0.0,0.0,0.0,0.0,AGATTCGC,GTGTGYCAGCMGCCGCGGTAA,3.0,B8,Atelopuszeteki,Jliv,Jliv13
Sp12,10697.0,2376.0,23.0,581.0,1681.0,8.0,219.0,506.0,89.0,7.0,3.0,2.0,0.0,8.0,3.0,2.0,4.0,0.0,3.0,0.0,0.0,2.0,0.0,0.0,4.0,0.0,0.0,0.0,0.0,CACCATCT,GTGTGYCAGCMGCCGCGGTAA,3.0,D9,Atelopuszeteki,,Sp12
Sp4,11545.0,4725.0,12.0,531.0,191.0,0.0,20.0,340.0,439.0,6.0,0.0,15.0,0.0,0.0,0.0,8.0,18.0,0.0,12.0,0.0,0.0,18.0,0.0,0.0,3.0,0.0,0.0,0.0,0.0,GTGAATGT,GTGTGYCAGCMGCCGCGGTAA,3.0,E8,Atelopuszeteki,,Sp4
BacMx8,12436.0,3616.0,8.0,450.0,383.0,0.0,83.0,246.0,641.0,2.0,0.0,46.0,0.0,24.0,0.0,38.0,36.0,15.0,21.0,2.0,0.0,4.0,0.0,0.0,0.0,0.0,0.0,0.0,0.0,CTCAGCGG,GTGTGYCAGCMGCCGCGGTAA,3.0,G2,Atelopuszeteki,Bacteria Mixture,BacMx8
Bsal11,9723.0,14088.0,7.0,2663.0,2010.0,0.0,32.0,121.0,192.0,0.0,0.0,248.0,13.0,0.0,13.0,0.0,25.0,5.0,0.0,0.0,0.0,26.0,0.0,0.0,6.0,0.0,0.0,0.0,0.0,CAGCCCTA,GTGTGYCAGCMGCCGCGGTAA,3.0,H11,Atelopuszeteki,Bsal,Bsal11
Jliv11,16705.0,4291.0,136.0,1443.0,3629.0,0.0,972.0,355.0,223.0,5.0,0.0,33.0,0.0,19.0,20.0,10.0,55.0,6.0,22.0,0.0,0.0,25.0,2.0,9.0,0.0,3.0,0.0,0.0,0.0,AACTTTCA,GTGTGYCAGCMGCCGCGGTAA,3.0,A8,Atelopuszeteki,Jliv,Jliv11
Coma7,17414.0,9206.0,12.0,1165.0,1036.0,0.0,461.0,200.0,212.0,0.0,0.0,58.0,5.0,4.0,0.0,9.0,10.0,0.0,9.0,0.0,0.0,2.0,0.0,0.0,3.0,0.0,0.0,0.0,0.0,GTTGTTCT,GTGTGYCAGCMGCCGCGGTAA,3.0,H3,Atelopuszeteki,Comamonas,Coma7
C13,9999.0,12739.0,103.0,148.0,2300.0,0.0,52.0,78.0,101.0,0.0,0.0,14.0,0.0,0.0,17.0,23.0,6.0,0.0,0.0,0.0,0.0,3.0,3.0,0.0,0.0,0.0,0.0,0.0,0.0,GTTGCTGA,GTGTGYCAGCMGCCGCGGTAA,3.0,G10,Atelopuszeteki,,C13
x7Coma,14970.0,2209.0,2.0,1630.0,488.0,0.0,13.0,33.0,295.0,0.0,0.0,3.0,2.0,0.0,9.0,8.0,5.0,0.0,12.0,0.0,0.0,4.0,0.0,0.0,0.0,0.0,0.0,0.0,0.0,TTCAGTTC,GTGTGYCAGCMGCCGCGGTAA,3.0,B5,Atelopuszeteki,,x7Coma
Sp9,17030.0,3674.0,5.0,1780.0,589.0,0.0,196.0,136.0,213.0,2.0,0.0,2.0,0.0,21.0,2.0,7.0,23.0,0.0,13.0,0.0,0.0,0.0,0.0,0.0,0.0,0.0,0.0,0.0,0.0,TTGCCGCT,GTGTGYCAGCMGCCGCGGTAA,3.0,B9,Atelopuszeteki,,Sp9
x1Coma,25571.0,2632.0,0.0,302.0,2061.0,0.0,11.0,11.0,130.0,0.0,0.0,0.0,0.0,0.0,0.0,0.0,0.0,0.0,0.0,0.0,0.0,0.0,0.0,0.0,0.0,0.0,0.0,0.0,0.0,GATGCCTA,GTGTGYCAGCMGCCGCGGTAA,3.0,F4,Atelopuszeteki,,x1Coma
Coma11,17492.0,4017.0,20.0,779.0,1199.0,0.0,15.0,75.0,164.0,0.0,0.0,0.0,0.0,4.0,3.0,0.0,17.0,0.0,0.0,0.0,0.0,2.0,0.0,0.0,0.0,0.0,0.0,0.0,0.0,TTACTTAT,GTGTGYCAGCMGCCGCGGTAA,3.0,D4,Atelopuszeteki,Comamonas,Coma11
Sp10,16553.0,1741.0,63.0,2940.0,113.0,3.0,71.0,54.0,217.0,54.0,0.0,2.0,0.0,0.0,0.0,9.0,9.0,0.0,6.0,0.0,0.0,0.0,0.0,0.0,4.0,0.0,0.0,0.0,0.0,CCACAACG,GTGTGYCAGCMGCCGCGGTAA,3.0,C9,Atelopuszeteki,,Sp10
C10,19919.0,2212.0,30.0,497.0,1384.0,2.0,111.0,107.0,184.0,0.0,3.0,5.0,0.0,4.0,2.0,11.0,21.0,0.0,11.0,0.0,0.0,0.0,0.0,0.0,2.0,0.0,0.0,0.0,0.0,AGTGTTTC,GTGTGYCAGCMGCCGCGGTAA,3.0,E10,Atelopuszeteki,,C10
Lipi9,12422.0,9904.0,27.0,1012.0,856.0,18.0,78.0,152.0,270.0,52.0,2.0,40.0,8.0,17.0,6.0,9.0,87.0,0.0,21.0,0.0,0.0,5.0,0.0,0.0,0.0,0.0,0.0,0.0,0.0,ATTATGAT,GTGTGYCAGCMGCCGCGGTAA,3.0,G6,Atelopuszeteki,LIPI,Lipi9
Jliv2,14226.0,4504.0,3.0,618.0,3544.0,0.0,10.0,73.0,28.0,3.0,0.0,0.0,0.0,0.0,0.0,0.0,0.0,0.0,0.0,0.0,0.0,0.0,0.0,0.0,0.0,0.0,0.0,0.0,0.0,TTAACAAG,GTGTGYCAGCMGCCGCGGTAA,3.0,C7,Atelopuszeteki,Jliv,Jliv2
x2Coma,13810.0,4970.0,210.0,1302.0,1029.0,0.0,54.0,115.0,933.0,8.0,0.0,22.0,0.0,0.0,5.0,8.0,6.0,0.0,26.0,0.0,0.0,0.0,0.0,0.0,0.0,0.0,0.0,0.0,0.0,TTAGTTTG,GTGTGYCAGCMGCCGCGGTAA,3.0,G4,Atelopuszeteki,,x2Coma
C9,14098.0,2546.0,125.0,1277.0,2162.0,0.0,70.0,273.0,417.0,0.0,0.0,0.0,4.0,0.0,6.0,0.0,15.0,0.0,7.0,0.0,0.0,6.0,0.0,0.0,0.0,0.0,0.0,0.0,0.0,GTGTCGAG,GTGTGYCAGCMGCCGCGGTAA,3.0,D10,Atelopuszeteki,,C9
x11Coma,9465.0,3371.0,128.0,1278.0,2443.0,0.0,59.0,197.0,86.0,0.0,0.0,30.0,3.0,0.0,19.0,0.0,22.0,0.0,0.0,0.0,0.0,7.0,0.0,0.0,2.0,0.0,0.0,0.0,0.0,CCGGCCGC,GTGTGYCAGCMGCCGCGGTAA,3.0,G5,Atelopuszeteki,,x11Coma
Bsal8,10786.0,11112.0,151.0,2134.0,2588.0,5.0,161.0,698.0,1205.0,17.0,0.0,0.0,14.0,20.0,17.0,52.0,32.0,0.0,0.0,0.0,0.0,5.0,4.0,2.0,4.0,0.0,0.0,0.0,0.0,GTACTCGA,GTGTGYCAGCMGCCGCGGTAA,3.0,F11,Atelopuszeteki,Bsal,Bsal8
Bsal122,11806.0,9830.0,70.0,758.0,1150.0,0.0,472.0,1064.0,487.0,9.0,0.0,4.0,0.0,8.0,17.0,43.0,21.0,15.0,12.0,0.0,0.0,8.0,0.0,0.0,0.0,0.0,0.0,0.0,0.0,TCCGCCTA,GTGTGYCAGCMGCCGCGGTAA,3.0,A12,Atelopuszeteki,Bsal,Bsal12
Lipi1,10335.0,10000.0,6.0,3184.0,3178.0,36.0,569.0,673.0,277.0,267.0,7.0,57.0,7.0,8.0,26.0,50.0,51.0,0.0,6.0,3.0,0.0,9.0,0.0,0.0,0.0,0.0,0.0,0.0,0.0,CCGAGGTA,GTGTGYCAGCMGCCGCGGTAA,3.0,B7,Atelopuszeteki,LIPI,Lipi1
Coma5,19789.0,4911.0,30.0,338.0,1935.0,0.0,86.0,140.0,121.0,0.0,0.0,0.0,0.0,2.0,2.0,17.0,9.0,0.0,0.0,0.0,0.0,2.0,0.0,0.0,0.0,0.0,0.0,0.0,0.0,ATGCCTCG,GTGTGYCAGCMGCCGCGGTAA,3.0,G3,Atelopuszeteki,Comamonas,Coma5
Sp7,19237.0,2326.0,42.0,1969.0,773.0,7.0,65.0,331.0,641.0,3.0,0.0,6.0,0.0,8.0,7.0,6.0,9.0,4.0,13.0,0.0,0.0,0.0,0.0,0.0,0.0,0.0,0.0,0.0,0.0,TATAGGCT,GTGTGYCAGCMGCCGCGGTAA,3.0,H8,Atelopuszeteki,,Sp7
C7,17855.0,3184.0,131.0,2142.0,1256.0,0.0,63.0,195.0,177.0,0.0,0.0,14.0,3.0,0.0,2.0,0.0,66.0,0.0,3.0,0.0,0.0,12.0,2.0,4.0,0.0,0.0,0.0,0.0,0.0,AGTTCTCA,GTGTGYCAGCMGCCGCGGTAA,3.0,C10,Atelopuszeteki,,C7
Coma12,10627.0,3631.0,57.0,477.0,643.0,0.0,46.0,103.0,750.0,0.0,0.0,45.0,8.0,6.0,7.0,4.0,11.0,0.0,0.0,0.0,0.0,2.0,0.0,3.0,0.0,0.0,0.0,0.0,0.0,AGTTGTAG,GTGTGYCAGCMGCCGCGGTAA,3.0,E4,Atelopuszeteki,Comamonas,Coma12
Bsal4,12664.0,3115.0,26.0,1225.0,259.0,3.0,373.0,512.0,219.0,4.0,0.0,0.0,2.0,22.0,3.0,35.0,86.0,0.0,7.0,0.0,0.0,2.0,0.0,0.0,0.0,0.0,0.0,0.0,0.0,GAGCCATC,GTGTGYCAGCMGCCGCGGTAA,3.0,C11,Atelopuszeteki,Bsal,Bsal4
Sp3,3332.0,8751.0,19.0,63.0,6688.0,0.0,3.0,29.0,21.0,3.0,0.0,0.0,0.0,0.0,0.0,0.0,3.0,3.0,0.0,0.0,0.0,3.0,0.0,2.0,0.0,0.0,0.0,0.0,0.0,GAAGTAGC,GTGTGYCAGCMGCCGCGGTAA,3.0,D8,Atelopuszeteki,,Sp3
Mock,7901.0,4554.0,0.0,2659.0,0.0,0.0,0.0,0.0,15564.0,0.0,0.0,0.0,0.0,0.0,0.0,0.0,0.0,0.0,0.0,0.0,0.0,0.0,0.0,0.0,0.0,0.0,0.0,1006.0,566.0,AATTTAGG,GTGTGYCAGCMGCCGCGGTAA,1.0,A8,Mock,MOCK,Mock
BacMx13,14327.0,9129.0,47.0,487.0,2596.0,0.0,36.0,170.0,243.0,0.0,0.0,0.0,0.0,0.0,0.0,0.0,0.0,0.0,5.0,0.0,0.0,4.0,0.0,0.0,0.0,0.0,0.0,0.0,0.0,CTGATGTA,GTGTGYCAGCMGCCGCGGTAA,3.0,C3,Atelopuszeteki,Bacteria Mixture,BacMx13
Sp2,9018.0,10253.0,7.0,4829.0,1025.0,0.0,37.0,207.0,703.0,0.0,0.0,14.0,7.0,0.0,0.0,4.0,2.0,2.0,7.0,0.0,0.0,5.0,0.0,0.0,0.0,0.0,0.0,0.0,0.0,AACCGCAT,GTGTGYCAGCMGCCGCGGTAA,3.0,C8,Atelopuszeteki,,Sp2
BacMx10,8739.0,1925.0,12.0,245.0,612.0,0.0,116.0,267.0,288.0,2.0,4.0,0.0,2.0,6.0,2.0,13.0,24.0,4.0,2.0,0.0,0.0,5.0,0.0,3.0,0.0,0.0,0.0,0.0,0.0,GCGAGGAA,GTGTGYCAGCMGCCGCGGTAA,3.0,A3,Atelopuszeteki,Bacteria Mixture,BacMx10
Bd13,4678.0,17512.0,10.0,224.0,1376.0,13.0,72.0,124.0,136.0,36.0,0.0,23.0,6.0,0.0,0.0,27.0,0.0,0.0,7.0,0.0,0.0,12.0,0.0,0.0,2.0,6.0,0.0,0.0,0.0,AATACAGA,GTGTGYCAGCMGCCGCGGTAA,3.0,B2,Atelopuszeteki,Bd,Bd13
C11,10218.0,8986.0,158.0,384.0,825.0,0.0,29.0,48.0,357.0,0.0,0.0,0.0,7.0,0.0,0.0,0.0,2.0,0.0,4.0,0.0,0.0,0.0,0.0,0.0,0.0,0.0,0.0,0.0,0.0,AGTGCAGG,GTGTGYCAGCMGCCGCGGTAA,3.0,F10,Atelopuszeteki,,C11
Lipi4,12182.0,7811.0,103.0,720.0,901.0,3.0,52.0,189.0,339.0,9.0,5.0,28.0,8.0,29.0,0.0,9.0,47.0,0.0,15.0,0.0,0.0,0.0,0.0,0.0,3.0,0.0,0.0,0.0,0.0,CCGCGTCT,GTGTGYCAGCMGCCGCGGTAA,3.0,B6,Atelopuszeteki,LIPI,Lipi4
